species,kingdom,phylum,class,order,family,genus
Acidaminococcus_fermentans,k__Bacteria,p__Firmicutes,c__Negativicutes,o__Acidaminococcales,f__Acidaminococcaceae,g__Acidaminococcus
Acidaminococcus_intestini,k__Bacteria,p__Firmicutes,c__Negativicutes,o__Acidaminococcales,f__Acidaminococcaceae,g__Acidaminococcus
Acidovorax_citrulli_avenae,k__Bacteria,p__Proteobacteria,c__Betaproteobacteria,o__Burkholderiales,f__Comamonadaceae,g__Acidovorax
Acidovorax_ebreus,k__Bacteria,p__Proteobacteria,c__Betaproteobacteria,o__Burkholderiales,f__Comamonadaceae,g__Acidovorax
Acinetobacter_Acinetobacter_calcoaceticus_Acinetobacter_baumannii__ACB__complex,k__Bacteria,p__Proteobacteria,c__Gammaproteobacteria,o__Pseudomonadales,f__Moraxellaceae,g__Acinetobacter
Acinetobacter_johnsonii,k__Bacteria,p__Proteobacteria,c__Gammaproteobacteria,o__Pseudomonadales,f__Moraxellaceae,g__Acinetobacter
Acinetobacter_junii,k__Bacteria,p__Proteobacteria,c__Gammaproteobacteria,o__Pseudomonadales,f__Moraxellaceae,g__Acinetobacter
Actinomyces_odontolyticus,k__Bacteria,p__Actinobacteria,c__Actinobacteria,o__Actinomycetales,f__Actinomycetaceae,g__Actinomyces
Actinomyces_sp__oral_taxon_180,k__Bacteria,p__Actinobacteria,c__Actinobacteria,o__Actinomycetales,f__Actinomycetaceae,g__Actinomyces
Actinomyces_sp__oral_taxon_448,k__Bacteria,p__Actinobacteria,c__Actinobacteria,o__Actinomycetales,f__Actinomycetaceae,g__Actinomyces
Actinomyces_viscosus,k__Bacteria,p__Actinobacteria,c__Actinobacteria,o__Actinomycetales,f__Actinomycetaceae,g__Actinomyces
Aeromonas_veronii,k__Bacteria,p__Proteobacteria,c__Gammaproteobacteria,o__Aeromonadales,f__Aeromonadaceae,g__Aeromonas
Aggregatibacter_aphrophilus,k__Bacteria,p__Proteobacteria,c__Gammaproteobacteria,o__Pasteurellales,f__Pasteurellaceae,g__Aggregatibacter
Aggregatibacter_segnis,k__Bacteria,p__Proteobacteria,c__Gammaproteobacteria,o__Pasteurellales,f__Pasteurellaceae,g__Aggregatibacter
Akkermansia_muciniphila,k__Bacteria,p__Verrucomicrobia,c__Verrucomicrobiae,o__Verrucomicrobiales,f__Akkermansiaceae,g__Akkermansia
Alicycliphilus_denitrificans,k__Bacteria,p__Proteobacteria,c__Betaproteobacteria,o__Burkholderiales,f__Comamonadaceae,g__Alicycliphilus
Alistipes_putredinis,k__Bacteria,p__Bacteroidetes,c__Bacteroidia,o__Bacteroidales,f__Rikenellaceae,g__Alistipes
Alistipes_shahii,k__Bacteria,p__Bacteroidetes,c__Bacteroidia,o__Bacteroidales,f__Rikenellaceae,g__Alistipes
Alistipes_sp__HGB5,k__Bacteria,p__Bacteroidetes,c__Bacteroidia,o__Bacteroidales,f__Rikenellaceae,g__Alistipes
Anaerococcus_lactolyticus,k__Bacteria,p__Firmicutes,c__Tissierellia,o__Tissierellales,f__Peptoniphilaceae,g__Anaerococcus
Anaerococcus_vaginalis,k__Bacteria,p__Firmicutes,c__Tissierellia,o__Tissierellales,f__Peptoniphilaceae,g__Anaerococcus
Anaerofustis_stercorihominis,k__Bacteria,p__Firmicutes,c__Clostridia,o__Clostridiales,f__Eubacteriaceae,g__Anaerofustis
Anaerostipes_caccae,k__Bacteria,p__Firmicutes,c__Clostridia,o__Clostridiales,f__Lachnospiraceae,g__Anaerostipes
Anaerotruncus_colihominis,k__Bacteria,p__Firmicutes,c__Clostridia,o__Clostridiales,f__Ruminococcaceae,g__Anaerotruncus
Arcobacter_butzleri,k__Bacteria,p__Proteobacteria,c__Epsilonproteobacteria,o__Campylobacterales,f__Campylobacteraceae,g__Arcobacter
Atopobium_parvulum,k__Bacteria,p__Actinobacteria,c__Coriobacteriia,o__Coriobacteriales,f__Atopobiaceae,g__Atopobium
Atopobium_rimae,k__Bacteria,p__Actinobacteria,c__Coriobacteriia,o__Coriobacteriales,f__Atopobiaceae,g__Atopobium
Atopobium_vaginae,k__Bacteria,p__Actinobacteria,c__Coriobacteriia,o__Coriobacteriales,f__Atopobiaceae,g__Atopobium
Azotobacter_vinelandii,k__Bacteria,p__Proteobacteria,c__Gammaproteobacteria,o__Pseudomonadales,f__Pseudomonadaceae,g__Azotobacter
Bacillus_anthracis_cereus_thuringiensis,k__Bacteria,p__Firmicutes,c__Bacilli,o__Bacillales,f__Bacillaceae,g__Bacillus
Bacteroides_caccae,k__Bacteria,p__Bacteroidetes,c__Bacteroidia,o__Bacteroidales,f__Bacteroidaceae,g__Bacteroides
Bacteroides_clarus,k__Bacteria,p__Bacteroidetes,c__Bacteroidia,o__Bacteroidales,f__Bacteroidaceae,g__Bacteroides
Bacteroides_coprocola,k__Bacteria,p__Bacteroidetes,c__Bacteroidia,o__Bacteroidales,f__Bacteroidaceae,g__Bacteroides
Bacteroides_coprophilus,k__Bacteria,p__Bacteroidetes,c__Bacteroidia,o__Bacteroidales,f__Bacteroidaceae,g__Bacteroides
Bacteroides_dorei_vulgatus,k__Bacteria,p__Bacteroidetes,c__Bacteroidia,o__Bacteroidales,f__Bacteroidaceae,g__Bacteroides
Bacteroides_eggerthii,k__Bacteria,p__Bacteroidetes,c__Bacteroidia,o__Bacteroidales,f__Bacteroidaceae,g__Bacteroides
Bacteroides_finegoldii,k__Bacteria,p__Bacteroidetes,c__Bacteroidia,o__Bacteroidales,f__Bacteroidaceae,g__Bacteroides
Bacteroides_fluxus,k__Bacteria,p__Bacteroidetes,c__Bacteroidia,o__Bacteroidales,f__Bacteroidaceae,g__Bacteroides
Bacteroides_fragilis,k__Bacteria,p__Bacteroidetes,c__Bacteroidia,o__Bacteroidales,f__Bacteroidaceae,g__Bacteroides
Bacteroides_helcogenes,k__Bacteria,p__Bacteroidetes,c__Bacteroidia,o__Bacteroidales,f__Bacteroidaceae,g__Bacteroides
Bacteroides_intestinalis,k__Bacteria,p__Bacteroidetes,c__Bacteroidia,o__Bacteroidales,f__Bacteroidaceae,g__Bacteroides
Bacteroides_ovatus,k__Bacteria,p__Bacteroidetes,c__Bacteroidia,o__Bacteroidales,f__Bacteroidaceae,g__Bacteroides
Bacteroides_plebeius,k__Bacteria,p__Bacteroidetes,c__Bacteroidia,o__Bacteroidales,f__Bacteroidaceae,g__Bacteroides
Bacteroides_salanitronis,k__Bacteria,p__Bacteroidetes,c__Bacteroidia,o__Bacteroidales,f__Bacteroidaceae,g__Bacteroides
Bacteroides_stercoris,k__Bacteria,p__Bacteroidetes,c__Bacteroidia,o__Bacteroidales,f__Bacteroidaceae,g__Bacteroides
Bacteroides_thetaiotaomicron,k__Bacteria,p__Bacteroidetes,c__Bacteroidia,o__Bacteroidales,f__Bacteroidaceae,g__Bacteroides
Bacteroides_uniformis,k__Bacteria,p__Bacteroidetes,c__Bacteroidia,o__Bacteroidales,f__Bacteroidaceae,g__Bacteroides
Bacteroides_xylanisolvens,k__Bacteria,p__Bacteroidetes,c__Bacteroidia,o__Bacteroidales,f__Bacteroidaceae,g__Bacteroides
Bifidobacterium_adolescentis,k__Bacteria,p__Actinobacteria,c__Actinobacteria,o__Bifidobacteriales,f__Bifidobacteriaceae,g__Bifidobacterium
Bifidobacterium_angulatum,k__Bacteria,p__Actinobacteria,c__Actinobacteria,o__Bifidobacteriales,f__Bifidobacteriaceae,g__Bifidobacterium
Bifidobacterium_animalis,k__Bacteria,p__Actinobacteria,c__Actinobacteria,o__Bifidobacteriales,f__Bifidobacteriaceae,g__Bifidobacterium
Bifidobacterium_bifidum,k__Bacteria,p__Actinobacteria,c__Actinobacteria,o__Bifidobacteriales,f__Bifidobacteriaceae,g__Bifidobacterium
Bifidobacterium_breve,k__Bacteria,p__Actinobacteria,c__Actinobacteria,o__Bifidobacteriales,f__Bifidobacteriaceae,g__Bifidobacterium
Bifidobacterium_catenulatum_Bifidobacterium_pseudocatenulatum_complex,k__Bacteria,p__Actinobacteria,c__Actinobacteria,o__Bifidobacteriales,f__Bifidobacteriaceae,g__Bifidobacterium
Bifidobacterium_dentium,k__Bacteria,p__Actinobacteria,c__Actinobacteria,o__Bifidobacteriales,f__Bifidobacteriaceae,g__Bifidobacterium
Bifidobacterium_longum,k__Bacteria,p__Actinobacteria,c__Actinobacteria,o__Bifidobacteriales,f__Bifidobacteriaceae,g__Bifidobacterium
Bilophila_wadsworthia,k__Bacteria,p__Proteobacteria,c__Deltaproteobacteria,o__Desulfovibrionales,f__Desulfovibrionaceae,g__Bilophila
Blautia_hansenii,k__Bacteria,p__Firmicutes,c__Clostridia,o__Clostridiales,f__Lachnospiraceae,g__Blautia
Blautia_hydrogenotrophica,k__Bacteria,p__Firmicutes,c__Clostridia,o__Clostridiales,f__Lachnospiraceae,g__Blautia
Brachyspira_pilosicoli,k__Bacteria,p__Spirochaetes,c__Spirochaetia,o__Brachyspirales,f__Brachyspiraceae,g__Brachyspira
Brevibacterium_linens,k__Bacteria,p__Actinobacteria,c__Actinobacteria,o__Micrococcales,f__Brevibacteriaceae,g__Brevibacterium
Bulleidia_extructa,k__Bacteria,p__Firmicutes,c__Erysipelotrichia,o__Erysipelotrichales,f__Erysipelotrichaceae,g__Bulleidia
Butyrivibrio_crossotus,k__Bacteria,p__Firmicutes,c__Clostridia,o__Clostridiales,f__Lachnospiraceae,g__Butyrivibrio
Campylobacter_concisus,k__Bacteria,p__Proteobacteria,c__Epsilonproteobacteria,o__Campylobacterales,f__Campylobacteraceae,g__Campylobacter
Campylobacter_gracilis,k__Bacteria,p__Proteobacteria,c__Epsilonproteobacteria,o__Campylobacterales,f__Campylobacteraceae,g__Campylobacter
Campylobacter_hominis,k__Bacteria,p__Proteobacteria,c__Epsilonproteobacteria,o__Campylobacterales,f__Campylobacteraceae,g__Campylobacter
Campylobacter_jejuni,k__Bacteria,p__Proteobacteria,c__Epsilonproteobacteria,o__Campylobacterales,f__Campylobacteraceae,g__Campylobacter
Campylobacter_showae,k__Bacteria,p__Proteobacteria,c__Epsilonproteobacteria,o__Campylobacterales,f__Campylobacteraceae,g__Campylobacter
Campylobacter_upsaliensis,k__Bacteria,p__Proteobacteria,c__Epsilonproteobacteria,o__Campylobacterales,f__Campylobacteraceae,g__Campylobacter
Candidatus_Phytoplasma_mali,k__Bacteria,p__Mycoplasmatota,c__Mollicutes,o__Acholeplasmatales,f__Acholeplasmataceae,g__Candidatus_Phytoplasma
Capnocytophaga_sp__oral_taxon_329,k__Bacteria,p__Bacteroidetes,c__Flavobacteriia,o__Flavobacteriales,f__Flavobacteriaceae,g__Capnocytophaga
Cardiobacterium_hominis,k__Bacteria,p__Proteobacteria,c__Gammaproteobacteria,o__Cardiobacteriales,f__Cardiobacteriaceae,g__Cardiobacterium
Catonella_morbi,k__Bacteria,p__Firmicutes,c__Clostridia,o__Clostridiales,f__Lachnospiraceae,g__Catonella
Citrobacter_koseri,k__Bacteria,p__Proteobacteria,c__Gammaproteobacteria,o__Enterobacterales,f__Enterobacteriaceae,g__Citrobacter
Citrobacter_rodentium,k__Bacteria,p__Proteobacteria,c__Gammaproteobacteria,o__Enterobacterales,f__Enterobacteriaceae,g__Citrobacter
Citrobacter_sp__30_2,k__Bacteria,p__Proteobacteria,c__Gammaproteobacteria,o__Enterobacterales,f__Enterobacteriaceae,g__Citrobacter
Citrobacter_youngae,k__Bacteria,p__Proteobacteria,c__Gammaproteobacteria,o__Enterobacterales,f__Enterobacteriaceae,g__Citrobacter
Clostridiales_bacterium_1_7_47FAA,k__Bacteria,p__Bacillota,c__Clostridia,o__Eubacteriales,f__Unclassified_Eubacteriales,g__Unclassified_Eubacteriales
Clostridium_bolteae,k__Bacteria,p__Firmicutes,c__Clostridia,o__Clostridiales,f__Clostridiaceae,g__Clostridium
Clostridium_butyricum,k__Bacteria,p__Firmicutes,c__Clostridia,o__Clostridiales,f__Clostridiaceae,g__Clostridium
Clostridium_hylemonae,k__Bacteria,p__Firmicutes,c__Clostridia,o__Clostridiales,f__Clostridiaceae,g__Clostridium
Clostridium_leptum,k__Bacteria,p__Firmicutes,c__Clostridia,o__Clostridiales,f__Clostridiaceae,g__Clostridium
Clostridium_methylpentosum,k__Bacteria,p__Firmicutes,c__Clostridia,o__Clostridiales,f__Clostridiaceae,g__Clostridium
Clostridium_perfringens,k__Bacteria,p__Firmicutes,c__Clostridia,o__Clostridiales,f__Clostridiaceae,g__Clostridium
Clostridium_ramosum,k__Bacteria,p__Firmicutes,c__Clostridia,o__Clostridiales,f__Clostridiaceae,g__Clostridium
Clostridium_saccharolyticum,k__Bacteria,p__Firmicutes,c__Clostridia,o__Clostridiales,f__Clostridiaceae,g__Clostridium
Clostridium_scindens,k__Bacteria,p__Firmicutes,c__Clostridia,o__Clostridiales,f__Clostridiaceae,g__Clostridium
Clostridium_sp__7_2_43FAA,k__Bacteria,p__Firmicutes,c__Clostridia,o__Clostridiales,f__Clostridiaceae,g__Clostridium
Clostridium_sp__D5,k__Bacteria,p__Firmicutes,c__Clostridia,o__Clostridiales,f__Clostridiaceae,g__Clostridium
Clostridium_sp__HGF2,k__Bacteria,p__Firmicutes,c__Clostridia,o__Clostridiales,f__Clostridiaceae,g__Clostridium
Clostridium_sp__L2_50,k__Bacteria,p__Firmicutes,c__Clostridia,o__Clostridiales,f__Clostridiaceae,g__Clostridium
Clostridium_spiroforme,k__Bacteria,p__Firmicutes,c__Clostridia,o__Clostridiales,f__Clostridiaceae,g__Clostridium
Clostridium_symbiosum,k__Bacteria,p__Firmicutes,c__Clostridia,o__Clostridiales,f__Clostridiaceae,g__Clostridium
Collinsella_aerofaciens,k__Bacteria,p__Actinobacteria,c__Coriobacteriia,o__Coriobacteriales,f__Coriobacteriaceae,g__Collinsella
Collinsella_intestinalis,k__Bacteria,p__Actinobacteria,c__Coriobacteriia,o__Coriobacteriales,f__Coriobacteriaceae,g__Collinsella
Collinsella_stercoris,k__Bacteria,p__Actinobacteria,c__Coriobacteriia,o__Coriobacteriales,f__Coriobacteriaceae,g__Collinsella
Comamonas_testosteroni,k__Bacteria,p__Proteobacteria,c__Betaproteobacteria,o__Burkholderiales,f__Comamonadaceae,g__Comamonas
Coprobacillus_sp__29_1,k__Bacteria,p__Firmicutes,c__Erysipelotrichia,o__Erysipelotrichales,f__Erysipelotrichaceae,g__Coprobacillus
Coprococcus_catus,k__Bacteria,p__Firmicutes,c__Clostridia,o__Clostridiales,f__Lachnospiraceae,g__Coprococcus
Coprococcus_comes,k__Bacteria,p__Firmicutes,c__Clostridia,o__Clostridiales,f__Lachnospiraceae,g__Coprococcus
Coprococcus_eutactus,k__Bacteria,p__Firmicutes,c__Clostridia,o__Clostridiales,f__Lachnospiraceae,g__Coprococcus
Corynebacterium_amycolatum,k__Bacteria,p__Actinobacteria,c__Actinobacteria,o__Corynebacteriales,f__Corynebacteriaceae,g__Corynebacterium
Corynebacterium_kroppenstedtii,k__Bacteria,p__Actinobacteria,c__Actinobacteria,o__Corynebacteriales,f__Corynebacteriaceae,g__Corynebacterium
Corynebacterium_variabile,k__Bacteria,p__Actinobacteria,c__Actinobacteria,o__Corynebacteriales,f__Corynebacteriaceae,g__Corynebacterium
Cronobacter_sakazakii_turicensis,k__Bacteria,p__Proteobacteria,c__Gammaproteobacteria,o__Enterobacterales,f__Enterobacteriaceae,g__Cronobacter
Cryptobacterium_curtum,k__Bacteria,p__Actinomycetota,c__Coriobacteriia,o__Coriobacteriales,f__Coriobacteriaceae,g__Cryptobacterium
Delftia_acidovorans,k__Bacteria,p__Proteobacteria,c__Betaproteobacteria,o__Burkholderiales,f__Comamonadaceae,g__Delftia
Desulfovibrio_desulfuricans,k__Bacteria,p__Proteobacteria,c__Deltaproteobacteria,o__Desulfovibrionales,f__Desulfovibrionaceae,g__Desulfovibrio
Desulfovibrio_piger,k__Bacteria,p__Proteobacteria,c__Deltaproteobacteria,o__Desulfovibrionales,f__Desulfovibrionaceae,g__Desulfovibrio
Desulfovibrio_sp__3_1_syn3,k__Bacteria,p__Proteobacteria,c__Deltaproteobacteria,o__Desulfovibrionales,f__Desulfovibrionaceae,g__Desulfovibrio
Desulfovibrio_vulgaris,k__Bacteria,p__Proteobacteria,c__Deltaproteobacteria,o__Desulfovibrionales,f__Desulfovibrionaceae,g__Desulfovibrio
Dialister_invisus,k__Bacteria,p__Firmicutes,c__Negativicutes,o__Veillonellales,f__Veillonellaceae,g__Dialister
Dialister_micraerophilus,k__Bacteria,p__Firmicutes,c__Negativicutes,o__Veillonellales,f__Veillonellaceae,g__Dialister
Dickeya_dadantii,k__Bacteria,p__Proteobacteria,c__Gammaproteobacteria,o__Enterobacterales,f__Pectobacteriaceae,g__Dickeya
Dorea_formicigenerans,k__Bacteria,p__Firmicutes,c__Clostridia,o__Clostridiales,f__Lachnospiraceae,g__Dorea
Dorea_longicatena,k__Bacteria,p__Firmicutes,c__Clostridia,o__Clostridiales,f__Lachnospiraceae,g__Dorea
Dysgonomonas_mossii,k__Bacteria,p__Bacteroidetes,c__Bacteroidia,o__Bacteroidales,f__Dysgonamonadaceae,g__Dysgonomonas
Edwardsiella_ictaluri_tarda,k__Bacteria,p__Proteobacteria,c__Gammaproteobacteria,o__Enterobacterales,f__Hafniaceae,g__Edwardsiella
Eggerthella_lenta,k__Bacteria,p__Actinobacteria,c__Coriobacteriia,o__Eggerthellales,f__Eggerthellaceae,g__Eggerthella
Eggerthella_sp__YY7918,k__Bacteria,p__Actinobacteria,c__Coriobacteriia,o__Eggerthellales,f__Eggerthellaceae,g__Eggerthella
Enhydrobacter_aerosaccus,k__Bacteria,p__Proteobacteria,c__Alphaproteobacteria,o__Rhodospirillales,f__Rhodospirillales_unclassified,g__Enhydrobacter
Enterobacter_aerogenes,k__Bacteria,p__Proteobacteria,c__Gammaproteobacteria,o__Enterobacterales,f__Enterobacteriaceae,g__Enterobacter
Enterobacter_asburiae,k__Bacteria,p__Proteobacteria,c__Gammaproteobacteria,o__Enterobacterales,f__Enterobacteriaceae,g__Enterobacter
Enterobacter_cancerogenus,k__Bacteria,p__Proteobacteria,c__Gammaproteobacteria,o__Enterobacterales,f__Enterobacteriaceae,g__Enterobacter
Enterobacter_cloacae,k__Bacteria,p__Proteobacteria,c__Gammaproteobacteria,o__Enterobacterales,f__Enterobacteriaceae,g__Enterobacter
Enterobacter_hormaechei_cloacae,k__Bacteria,p__Proteobacteria,c__Gammaproteobacteria,o__Enterobacterales,f__Enterobacteriaceae,g__Enterobacter
Enterobacter_sp__638,k__Bacteria,p__Proteobacteria,c__Gammaproteobacteria,o__Enterobacterales,f__Enterobacteriaceae,g__Enterobacter
Enterobacteriaceae_bacterium_9_2_54FAA,k__Bacteria,p__Pseudomonadota,c__Gammaproteobacteria,o__Enterobacterales,f__Enterobacteriaceae,g__Unclassified_Enterobacteriaceae
Enterococcus_casseliflavus,k__Bacteria,p__Firmicutes,c__Bacilli,o__Lactobacillales,f__Enterococcaceae,g__Enterococcus
Enterococcus_faecalis,k__Bacteria,p__Firmicutes,c__Bacilli,o__Lactobacillales,f__Enterococcaceae,g__Enterococcus
Enterococcus_faecium,k__Bacteria,p__Firmicutes,c__Bacilli,o__Lactobacillales,f__Enterococcaceae,g__Enterococcus
Enterococcus_gallinarum,k__Bacteria,p__Firmicutes,c__Bacilli,o__Lactobacillales,f__Enterococcaceae,g__Enterococcus
Erysipelotrichaceae_bacterium_3_1_53,k__Bacteria,p__Bacillota,c__Erysipelotrichia,o__Erysipelotrichales,f__Erysipelotrichaceae,g__Unclassified_Erysipelotrichaceae
Erysipelotrichaceae_bacterium_5_2_54FAA,k__Bacteria,p__Bacillota,c__Erysipelotrichia,o__Erysipelotrichales,f__Erysipelotrichaceae,g__Unclassified_Erysipelotrichaceae
Escherichia_albertii,k__Bacteria,p__Proteobacteria,c__Gammaproteobacteria,o__Enterobacterales,f__Enterobacteriaceae,g__Escherichia
Escherichia_coli,k__Bacteria,p__Proteobacteria,c__Gammaproteobacteria,o__Enterobacterales,f__Enterobacteriaceae,g__Escherichia
Eubacterium_biforme,k__Bacteria,p__Firmicutes,c__Clostridia,o__Clostridiales,f__Eubacteriaceae,g__Eubacterium
Eubacterium_cylindroides,k__Bacteria,p__Firmicutes,c__Clostridia,o__Clostridiales,f__Eubacteriaceae,g__Eubacterium
Eubacterium_dolichum,k__Bacteria,p__Firmicutes,c__Clostridia,o__Clostridiales,f__Eubacteriaceae,g__Eubacterium
Eubacterium_eligens,k__Bacteria,p__Firmicutes,c__Clostridia,o__Clostridiales,f__Eubacteriaceae,g__Eubacterium
Eubacterium_hallii,k__Bacteria,p__Firmicutes,c__Clostridia,o__Clostridiales,f__Eubacteriaceae,g__Eubacterium
Eubacterium_limosum,k__Bacteria,p__Firmicutes,c__Clostridia,o__Clostridiales,f__Eubacteriaceae,g__Eubacterium
Eubacterium_rectale,k__Bacteria,p__Firmicutes,c__Clostridia,o__Clostridiales,f__Eubacteriaceae,g__Eubacterium
Eubacterium_saburreum,k__Bacteria,p__Firmicutes,c__Clostridia,o__Clostridiales,f__Eubacteriaceae,g__Eubacterium
Eubacterium_siraeum,k__Bacteria,p__Firmicutes,c__Clostridia,o__Clostridiales,f__Eubacteriaceae,g__Eubacterium
Eubacterium_ventriosum,k__Bacteria,p__Firmicutes,c__Clostridia,o__Clostridiales,f__Eubacteriaceae,g__Eubacterium
Faecalibacterium_prausnitzii,k__Bacteria,p__Firmicutes,c__Clostridia,o__Clostridiales,f__Ruminococcaceae,g__Faecalibacterium
Filifactor_alocis,k__Bacteria,p__Firmicutes,c__Clostridia,o__Clostridiales,f__Peptostreptococcaceae,g__Filifactor
Finegoldia_magna,k__Bacteria,p__Firmicutes,c__Tissierellia,o__Tissierellales,f__Peptoniphilaceae,g__Finegoldia
Fusobacterium_gonidiaformans,k__Bacteria,p__Fusobacteria,c__Fusobacteriia,o__Fusobacteriales,f__Fusobacteriaceae,g__Fusobacterium
Fusobacterium_mortiferum,k__Bacteria,p__Fusobacteria,c__Fusobacteriia,o__Fusobacteriales,f__Fusobacteriaceae,g__Fusobacterium
Fusobacterium_nucleatum,k__Bacteria,p__Fusobacteria,c__Fusobacteriia,o__Fusobacteriales,f__Fusobacteriaceae,g__Fusobacterium
Fusobacterium_periodonticum,k__Bacteria,p__Fusobacteria,c__Fusobacteriia,o__Fusobacteriales,f__Fusobacteriaceae,g__Fusobacterium
Fusobacterium_sp__D12,k__Bacteria,p__Fusobacteria,c__Fusobacteriia,o__Fusobacteriales,f__Fusobacteriaceae,g__Fusobacterium
Fusobacterium_ulcerans,k__Bacteria,p__Fusobacteria,c__Fusobacteriia,o__Fusobacteriales,f__Fusobacteriaceae,g__Fusobacterium
Fusobacterium_varium,k__Bacteria,p__Fusobacteria,c__Fusobacteriia,o__Fusobacteriales,f__Fusobacteriaceae,g__Fusobacterium
Gardnerella_vaginalis,k__Bacteria,p__Actinobacteria,c__Actinobacteria,o__Bifidobacteriales,f__Bifidobacteriaceae,g__Gardnerella
Gemella_haemolysans,k__Bacteria,p__Firmicutes,c__Bacilli,o__Bacillales,f__Bacillales_unclassified,g__Gemella
Gemella_morbillorum,k__Bacteria,p__Firmicutes,c__Bacilli,o__Bacillales,f__Bacillales_unclassified,g__Gemella
Gemella_sanguinis,k__Bacteria,p__Firmicutes,c__Bacilli,o__Bacillales,f__Bacillales_unclassified,g__Gemella
Granulicatella_adiacens,k__Bacteria,p__Firmicutes,c__Bacilli,o__Lactobacillales,f__Carnobacteriaceae,g__Granulicatella
Granulicatella_elegans,k__Bacteria,p__Firmicutes,c__Bacilli,o__Lactobacillales,f__Carnobacteriaceae,g__Granulicatella
Haemophilus_haemolyticus,k__Bacteria,p__Proteobacteria,c__Gammaproteobacteria,o__Pasteurellales,f__Pasteurellaceae,g__Haemophilus
Haemophilus_influenzae,k__Bacteria,p__Proteobacteria,c__Gammaproteobacteria,o__Pasteurellales,f__Pasteurellaceae,g__Haemophilus
Haemophilus_parainfluenzae,k__Bacteria,p__Proteobacteria,c__Gammaproteobacteria,o__Pasteurellales,f__Pasteurellaceae,g__Haemophilus
Haemophilus_pittmaniae,k__Bacteria,p__Proteobacteria,c__Gammaproteobacteria,o__Pasteurellales,f__Pasteurellaceae,g__Haemophilus
Helicobacter_cinaedi,k__Bacteria,p__Proteobacteria,c__Epsilonproteobacteria,o__Campylobacterales,f__Helicobacteraceae,g__Helicobacter
Helicobacter_pullorum,k__Bacteria,p__Proteobacteria,c__Epsilonproteobacteria,o__Campylobacterales,f__Helicobacteraceae,g__Helicobacter
Helicobacter_pylori,k__Bacteria,p__Proteobacteria,c__Epsilonproteobacteria,o__Campylobacterales,f__Helicobacteraceae,g__Helicobacter
Holdemania_filiformis,k__Bacteria,p__Firmicutes,c__Erysipelotrichia,o__Erysipelotrichales,f__Erysipelotrichaceae,g__Holdemania
Klebsiella_oxytoca,k__Bacteria,p__Proteobacteria,c__Gammaproteobacteria,o__Enterobacterales,f__Enterobacteriaceae,g__Klebsiella
Klebsiella_variicola_pneumoniae,k__Bacteria,p__Proteobacteria,c__Gammaproteobacteria,o__Enterobacterales,f__Enterobacteriaceae,g__Klebsiella
Lachnospiraceae_bacterium_1_4_56FAA,k__Bacteria,p__Bacillota,c__Clostridia,o__Eubacteriales,f__Lachnospiraceae_Eubacteriales,g__Unclassified_Lachnospiraceae
Lachnospiraceae_bacterium_2_1_46FAA,k__Bacteria,p__Bacillota,c__Clostridia,o__Eubacteriales,f__Lachnospiraceae_Eubacteriales,g__Unclassified_Lachnospiraceae
Lachnospiraceae_bacterium_3_1_57FAA_CT1,k__Bacteria,p__Bacillota,c__Clostridia,o__Eubacteriales,f__Lachnospiraceae_Eubacteriales,g__Unclassified_Lachnospiraceae
Lactobacillus_acidophilus,k__Bacteria,p__Firmicutes,c__Bacilli,o__Lactobacillales,f__Lactobacillaceae,g__Lactobacillus
Lactobacillus_amylolyticus,k__Bacteria,p__Firmicutes,c__Bacilli,o__Lactobacillales,f__Lactobacillaceae,g__Lactobacillus
Lactobacillus_amylovorus,k__Bacteria,p__Firmicutes,c__Bacilli,o__Lactobacillales,f__Lactobacillaceae,g__Lactobacillus
Lactobacillus_animalis,k__Bacteria,p__Firmicutes,c__Bacilli,o__Lactobacillales,f__Lactobacillaceae,g__Lactobacillus
Lactobacillus_brevis,k__Bacteria,p__Firmicutes,c__Bacilli,o__Lactobacillales,f__Lactobacillaceae,g__Lactobacillus
Lactobacillus_casei,k__Bacteria,p__Firmicutes,c__Bacilli,o__Lactobacillales,f__Lactobacillaceae,g__Lactobacillus
Lactobacillus_coleohominis,k__Bacteria,p__Firmicutes,c__Bacilli,o__Lactobacillales,f__Lactobacillaceae,g__Lactobacillus
Lactobacillus_coryniformis,k__Bacteria,p__Firmicutes,c__Bacilli,o__Lactobacillales,f__Lactobacillaceae,g__Lactobacillus
Lactobacillus_crispatus,k__Bacteria,p__Firmicutes,c__Bacilli,o__Lactobacillales,f__Lactobacillaceae,g__Lactobacillus
Lactobacillus_delbrueckii,k__Bacteria,p__Firmicutes,c__Bacilli,o__Lactobacillales,f__Lactobacillaceae,g__Lactobacillus
Lactobacillus_fermentum,k__Bacteria,p__Firmicutes,c__Bacilli,o__Lactobacillales,f__Lactobacillaceae,g__Lactobacillus
Lactobacillus_fructivorans,k__Bacteria,p__Firmicutes,c__Bacilli,o__Lactobacillales,f__Lactobacillaceae,g__Lactobacillus
Lactobacillus_gasseri,k__Bacteria,p__Firmicutes,c__Bacilli,o__Lactobacillales,f__Lactobacillaceae,g__Lactobacillus
Lactobacillus_helveticus,k__Bacteria,p__Firmicutes,c__Bacilli,o__Lactobacillales,f__Lactobacillaceae,g__Lactobacillus
Lactobacillus_iners,k__Bacteria,p__Firmicutes,c__Bacilli,o__Lactobacillales,f__Lactobacillaceae,g__Lactobacillus
Lactobacillus_johnsonii,k__Bacteria,p__Firmicutes,c__Bacilli,o__Lactobacillales,f__Lactobacillaceae,g__Lactobacillus
Lactobacillus_oris,k__Bacteria,p__Firmicutes,c__Bacilli,o__Lactobacillales,f__Lactobacillaceae,g__Lactobacillus
Lactobacillus_plantarum,k__Bacteria,p__Firmicutes,c__Bacilli,o__Lactobacillales,f__Lactobacillaceae,g__Lactobacillus
Lactobacillus_reuteri,k__Bacteria,p__Firmicutes,c__Bacilli,o__Lactobacillales,f__Lactobacillaceae,g__Lactobacillus
Lactobacillus_rhamnosus,k__Bacteria,p__Firmicutes,c__Bacilli,o__Lactobacillales,f__Lactobacillaceae,g__Lactobacillus
Lactobacillus_ruminis,k__Bacteria,p__Firmicutes,c__Bacilli,o__Lactobacillales,f__Lactobacillaceae,g__Lactobacillus
Lactobacillus_sakei,k__Bacteria,p__Firmicutes,c__Bacilli,o__Lactobacillales,f__Lactobacillaceae,g__Lactobacillus
Lactobacillus_salivarius,k__Bacteria,p__Firmicutes,c__Bacilli,o__Lactobacillales,f__Lactobacillaceae,g__Lactobacillus
Lactobacillus_sanfranciscensis,k__Bacteria,p__Firmicutes,c__Bacilli,o__Lactobacillales,f__Lactobacillaceae,g__Lactobacillus
Lactobacillus_ultunensis,k__Bacteria,p__Firmicutes,c__Bacilli,o__Lactobacillales,f__Lactobacillaceae,g__Lactobacillus
Lactobacillus_vaginalis,k__Bacteria,p__Firmicutes,c__Bacilli,o__Lactobacillales,f__Lactobacillaceae,g__Lactobacillus
Lactococcus_garvieae,k__Bacteria,p__Firmicutes,c__Bacilli,o__Lactobacillales,f__Streptococcaceae,g__Lactococcus
Lactococcus_lactis,k__Bacteria,p__Firmicutes,c__Bacilli,o__Lactobacillales,f__Streptococcaceae,g__Lactococcus
Lautropia_mirabilis,k__Bacteria,p__Proteobacteria,c__Betaproteobacteria,o__Burkholderiales,f__Burkholderiaceae,g__Lautropia
Leptotrichia_hofstadii,k__Bacteria,p__Fusobacteria,c__Fusobacteriia,o__Fusobacteriales,f__Leptotrichiaceae,g__Leptotrichia
Leuconostoc_citreum,k__Bacteria,p__Firmicutes,c__Bacilli,o__Lactobacillales,f__Leuconostocaceae,g__Leuconostoc
Leuconostoc_fallax,k__Bacteria,p__Firmicutes,c__Bacilli,o__Lactobacillales,f__Leuconostocaceae,g__Leuconostoc
Leuconostoc_gelidum,k__Bacteria,p__Firmicutes,c__Bacilli,o__Lactobacillales,f__Leuconostocaceae,g__Leuconostoc
Leuconostoc_lactis,k__Bacteria,p__Firmicutes,c__Bacilli,o__Lactobacillales,f__Leuconostocaceae,g__Leuconostoc
Leuconostoc_mesenteroides,k__Bacteria,p__Firmicutes,c__Bacilli,o__Lactobacillales,f__Leuconostocaceae,g__Leuconostoc
Marvinbryantia_formatexigens,k__Bacteria,p__Firmicutes,c__Clostridia,o__Clostridiales,f__Lachnospiraceae,g__Marvinbryantia
Megasphaera_elsdenii,k__Bacteria,p__Firmicutes,c__Negativicutes,o__Veillonellales,f__Veillonellaceae,g__Megasphaera
Megasphaera_genomosp__type_1,k__Bacteria,p__Firmicutes,c__Negativicutes,o__Veillonellales,f__Veillonellaceae,g__Megasphaera
Megasphaera_micronuciformis,k__Bacteria,p__Firmicutes,c__Negativicutes,o__Veillonellales,f__Veillonellaceae,g__Megasphaera
Meiothermus_silvanus,k__Bacteria,p__Deinococcus_Thermus,c__Deinococci,o__Thermales,f__Thermaceae,g__Meiothermus
Methanobrevibacter_smithii,k__Archaea,p__Euryarchaeota,c__Methanobacteria,o__Methanobacteriales,f__Methanobacteriaceae,g__Methanobrevibacter
Methanosphaera_stadtmanae,k__Archaea,p__Euryarchaeota,c__Methanobacteria,o__Methanobacteriales,f__Methanobacteriaceae,g__Methanosphaera
Micrococcus_luteus,k__Bacteria,p__Actinobacteria,c__Actinobacteria,o__Micrococcales,f__Micrococcaceae,g__Micrococcus
Mitsuokella_multacida,k__Bacteria,p__Firmicutes,c__Negativicutes,o__Selenomonadales,f__Selenomonadaceae,g__Mitsuokella
Mobiluncus_curtisii,k__Bacteria,p__Actinobacteria,c__Actinobacteria,o__Actinomycetales,f__Actinomycetaceae,g__Mobiluncus
Mycoplasma_hominis,k__Bacteria,p__Tenericutes,c__Mollicutes,o__Mycoplasmatales,f__Mycoplasmataceae,g__Mycoplasma
Neisseria_cinerea,k__Bacteria,p__Proteobacteria,c__Betaproteobacteria,o__Neisseriales,f__Neisseriaceae,g__Neisseria
Neisseria_elongata,k__Bacteria,p__Proteobacteria,c__Betaproteobacteria,o__Neisseriales,f__Neisseriaceae,g__Neisseria
Neisseria_flavescens,k__Bacteria,p__Proteobacteria,c__Betaproteobacteria,o__Neisseriales,f__Neisseriaceae,g__Neisseria
Neisseria_gonorrhoeae,k__Bacteria,p__Proteobacteria,c__Betaproteobacteria,o__Neisseriales,f__Neisseriaceae,g__Neisseria
Neisseria_meningitidis,k__Bacteria,p__Proteobacteria,c__Betaproteobacteria,o__Neisseriales,f__Neisseriaceae,g__Neisseria
Neisseria_mucosa,k__Bacteria,p__Proteobacteria,c__Betaproteobacteria,o__Neisseriales,f__Neisseriaceae,g__Neisseria
Neisseria_subflava,k__Bacteria,p__Proteobacteria,c__Betaproteobacteria,o__Neisseriales,f__Neisseriaceae,g__Neisseria
Odoribacter_splanchnicus,k__Bacteria,p__Bacteroidetes,c__Bacteroidia,o__Bacteroidales,f__Odoribacteraceae,g__Odoribacter
Oenococcus_oeni,k__Bacteria,p__Firmicutes,c__Bacilli,o__Lactobacillales,f__Leuconostocaceae,g__Oenococcus
Olsenella_uli,k__Bacteria,p__Actinobacteria,c__Coriobacteriia,o__Coriobacteriales,f__Atopobiaceae,g__Olsenella
Oribacterium_sinus,k__Bacteria,p__Firmicutes,c__Clostridia,o__Clostridiales,f__Lachnospiraceae,g__Oribacterium
Oribacterium_sp__oral_taxon_078,k__Bacteria,p__Firmicutes,c__Clostridia,o__Clostridiales,f__Lachnospiraceae,g__Oribacterium
Oribacterium_sp__oral_taxon_108,k__Bacteria,p__Firmicutes,c__Clostridia,o__Clostridiales,f__Lachnospiraceae,g__Oribacterium
Oscillibacter_valericigenes,k__Bacteria,p__Firmicutes,c__Clostridia,o__Clostridiales,f__Oscillospiraceae,g__Oscillibacter
Oxalobacter_formigenes,k__Bacteria,p__Proteobacteria,c__Betaproteobacteria,o__Burkholderiales,f__Oxalobacteraceae,g__Oxalobacter
Pantoea_ananatis,k__Bacteria,p__Proteobacteria,c__Gammaproteobacteria,o__Enterobacterales,f__Erwiniaceae,g__Pantoea
Pantoea_sp__aB,k__Bacteria,p__Proteobacteria,c__Gammaproteobacteria,o__Enterobacterales,f__Erwiniaceae,g__Pantoea
Pantoea_vagans,k__Bacteria,p__Proteobacteria,c__Gammaproteobacteria,o__Enterobacterales,f__Erwiniaceae,g__Pantoea
Parabacteroides_distasonis,k__Bacteria,p__Bacteroidetes,c__Bacteroidia,o__Bacteroidales,f__Tannerellaceae,g__Parabacteroides
Parabacteroides_merdae,k__Bacteria,p__Bacteroidetes,c__Bacteroidia,o__Bacteroidales,f__Tannerellaceae,g__Parabacteroides
Paraprevotella_xylaniphila,k__Bacteria,p__Bacteroidetes,c__Bacteroidia,o__Bacteroidales,f__Prevotellaceae,g__Paraprevotella
Parascardovia_denticolens,k__Bacteria,p__Actinobacteria,c__Actinobacteria,o__Bifidobacteriales,f__Bifidobacteriaceae,g__Parascardovia
Parasutterella_excrementihominis,k__Bacteria,p__Proteobacteria,c__Betaproteobacteria,o__Burkholderiales,f__Sutterellaceae,g__Parasutterella
Parvimonas_micra,k__Bacteria,p__Firmicutes,c__Tissierellia,o__Tissierellales,f__Peptoniphilaceae,g__Parvimonas
Pediococcus_acidilactici,k__Bacteria,p__Firmicutes,c__Bacilli,o__Lactobacillales,f__Lactobacillaceae,g__Pediococcus
Pediococcus_pentosaceus,k__Bacteria,p__Firmicutes,c__Bacilli,o__Lactobacillales,f__Lactobacillaceae,g__Pediococcus
Peptoniphilus_duerdenii,k__Bacteria,p__Firmicutes,c__Tissierellia,o__Tissierellales,f__Peptoniphilaceae,g__Peptoniphilus
Peptoniphilus_harei,k__Bacteria,p__Firmicutes,c__Tissierellia,o__Tissierellales,f__Peptoniphilaceae,g__Peptoniphilus
Peptoniphilus_lacrimalis,k__Bacteria,p__Firmicutes,c__Tissierellia,o__Tissierellales,f__Peptoniphilaceae,g__Peptoniphilus
Peptoniphilus_sp__oral_taxon_375,k__Bacteria,p__Firmicutes,c__Tissierellia,o__Tissierellales,f__Peptoniphilaceae,g__Peptoniphilus
Peptostreptococcus_anaerobius,k__Bacteria,p__Firmicutes,c__Clostridia,o__Clostridiales,f__Peptostreptococcaceae,g__Peptostreptococcus
Peptostreptococcus_stomatis,k__Bacteria,p__Firmicutes,c__Clostridia,o__Clostridiales,f__Peptostreptococcaceae,g__Peptostreptococcus
Phascolarctobacterium_succinatutens,k__Bacteria,p__Firmicutes,c__Negativicutes,o__Acidaminococcales,f__Acidaminococcaceae,g__Phascolarctobacterium
Porphyromonas_asaccharolytica,k__Bacteria,p__Bacteroidetes,c__Bacteroidia,o__Bacteroidales,f__Porphyromonadaceae,g__Porphyromonas
Porphyromonas_uenonis,k__Bacteria,p__Bacteroidetes,c__Bacteroidia,o__Bacteroidales,f__Porphyromonadaceae,g__Porphyromonas
Prevotella_bivia,k__Bacteria,p__Bacteroidetes,c__Bacteroidia,o__Bacteroidales,f__Prevotellaceae,g__Prevotella
Prevotella_buccae,k__Bacteria,p__Bacteroidetes,c__Bacteroidia,o__Bacteroidales,f__Prevotellaceae,g__Prevotella
Prevotella_buccalis,k__Bacteria,p__Bacteroidetes,c__Bacteroidia,o__Bacteroidales,f__Prevotellaceae,g__Prevotella
Prevotella_copri,k__Bacteria,p__Bacteroidetes,c__Bacteroidia,o__Bacteroidales,f__Prevotellaceae,g__Prevotella
Prevotella_dentalis,k__Bacteria,p__Bacteroidetes,c__Bacteroidia,o__Bacteroidales,f__Prevotellaceae,g__Prevotella
Prevotella_denticola,k__Bacteria,p__Bacteroidetes,c__Bacteroidia,o__Bacteroidales,f__Prevotellaceae,g__Prevotella
Prevotella_disiens,k__Bacteria,p__Bacteroidetes,c__Bacteroidia,o__Bacteroidales,f__Prevotellaceae,g__Prevotella
Prevotella_melaninogenica,k__Bacteria,p__Bacteroidetes,c__Bacteroidia,o__Bacteroidales,f__Prevotellaceae,g__Prevotella
Prevotella_multisaccharivorax,k__Bacteria,p__Bacteroidetes,c__Bacteroidia,o__Bacteroidales,f__Prevotellaceae,g__Prevotella
Prevotella_nigrescens,k__Bacteria,p__Bacteroidetes,c__Bacteroidia,o__Bacteroidales,f__Prevotellaceae,g__Prevotella
Prevotella_oralis,k__Bacteria,p__Bacteroidetes,c__Bacteroidia,o__Bacteroidales,f__Prevotellaceae,g__Prevotella
Prevotella_tannerae,k__Bacteria,p__Bacteroidetes,c__Bacteroidia,o__Bacteroidales,f__Prevotellaceae,g__Prevotella
Prevotella_timonensis,k__Bacteria,p__Bacteroidetes,c__Bacteroidia,o__Bacteroidales,f__Prevotellaceae,g__Prevotella
Propionibacterium_acnes,k__Bacteria,p__Actinobacteria,c__Actinobacteria,o__Propionibacteriales,f__Propionibacteriaceae,g__Propionibacterium
Propionibacterium_freudenreichii,k__Bacteria,p__Actinobacteria,c__Actinobacteria,o__Propionibacteriales,f__Propionibacteriaceae,g__Propionibacterium
Proteus_mirabilis,k__Bacteria,p__Proteobacteria,c__Gammaproteobacteria,o__Enterobacterales,f__Morganellaceae,g__Proteus
Proteus_penneri,k__Bacteria,p__Proteobacteria,c__Gammaproteobacteria,o__Enterobacterales,f__Morganellaceae,g__Proteus
Providencia_rustigianii,k__Bacteria,p__Proteobacteria,c__Gammaproteobacteria,o__Enterobacterales,f__Morganellaceae,g__Providencia
Pseudoalteromonas_haloplanktis,k__Bacteria,p__Proteobacteria,c__Gammaproteobacteria,o__Alteromonadales,f__Pseudoalteromonadaceae,g__Pseudoalteromonas
Pseudoalteromonas_sp__SM9913,k__Bacteria,p__Proteobacteria,c__Gammaproteobacteria,o__Alteromonadales,f__Pseudoalteromonadaceae,g__Pseudoalteromonas
Pseudoflavonifractor_capillosus,k__Bacteria,p__Firmicutes,c__Clostridia,o__Clostridiales,f__Ruminococcaceae,g__Pseudoflavonifractor
Pseudomonas_aeruginosa,k__Bacteria,p__Proteobacteria,c__Gammaproteobacteria,o__Pseudomonadales,f__Pseudomonadaceae,g__Pseudomonas
Pseudomonas_brassicacearum_fluorescens,k__Bacteria,p__Proteobacteria,c__Gammaproteobacteria,o__Pseudomonadales,f__Pseudomonadaceae,g__Pseudomonas
Pseudomonas_fluorescens,k__Bacteria,p__Proteobacteria,c__Gammaproteobacteria,o__Pseudomonadales,f__Pseudomonadaceae,g__Pseudomonas
Pseudomonas_fulva,k__Bacteria,p__Proteobacteria,c__Gammaproteobacteria,o__Pseudomonadales,f__Pseudomonadaceae,g__Pseudomonas
Pseudomonas_mendocina,k__Bacteria,p__Proteobacteria,c__Gammaproteobacteria,o__Pseudomonadales,f__Pseudomonadaceae,g__Pseudomonas
Pseudomonas_putida,k__Bacteria,p__Proteobacteria,c__Gammaproteobacteria,o__Pseudomonadales,f__Pseudomonadaceae,g__Pseudomonas
Pseudomonas_stutzeri,k__Bacteria,p__Proteobacteria,c__Gammaproteobacteria,o__Pseudomonadales,f__Pseudomonadaceae,g__Pseudomonas
Pseudomonas_syringae_amygdali,k__Bacteria,p__Proteobacteria,c__Gammaproteobacteria,o__Pseudomonadales,f__Pseudomonadaceae,g__Pseudomonas
Pyramidobacter_piscolens,k__Bacteria,p__Synergistetes,c__Synergistia,o__Synergistales,f__Synergistaceae,g__Pyramidobacter
Rahnella_aquatilis,k__Bacteria,p__Proteobacteria,c__Gammaproteobacteria,o__Enterobacterales,f__Yersiniaceae,g__Rahnella
Rahnella_sp__Y9602,k__Bacteria,p__Proteobacteria,c__Gammaproteobacteria,o__Enterobacterales,f__Yersiniaceae,g__Rahnella
Roseburia_hominis,k__Bacteria,p__Firmicutes,c__Clostridia,o__Clostridiales,f__Lachnospiraceae,g__Roseburia
Roseburia_intestinalis,k__Bacteria,p__Firmicutes,c__Clostridia,o__Clostridiales,f__Lachnospiraceae,g__Roseburia
Roseburia_inulinivorans,k__Bacteria,p__Firmicutes,c__Clostridia,o__Clostridiales,f__Lachnospiraceae,g__Roseburia
Rothia_dentocariosa,k__Bacteria,p__Actinobacteria,c__Actinobacteria,o__Micrococcales,f__Micrococcaceae,g__Rothia
Rothia_mucilaginosa,k__Bacteria,p__Actinobacteria,c__Actinobacteria,o__Micrococcales,f__Micrococcaceae,g__Rothia
Ruminococcaceae_bacterium_D16,k__Bacteria,p__Bacillota,c__Clostridia,o__Eubacteriales,f__Ruminococcaceae_Eubacteriales,g__Unclassified_Ruminococcaceae
Ruminococcus_bromii,k__Bacteria,p__Firmicutes,c__Clostridia,o__Clostridiales,f__Ruminococcaceae,g__Ruminococcus_Ruminococcaceae
Ruminococcus_champanellensis,k__Bacteria,p__Firmicutes,c__Clostridia,o__Clostridiales,f__Ruminococcaceae,g__Ruminococcus_Ruminococcaceae
Ruminococcus_lactaris,k__Bacteria,p__Firmicutes,c__Clostridia,o__Clostridiales,f__Ruminococcaceae,g__Ruminococcus_Ruminococcaceae
Ruminococcus_sp__5_1_39BFAA,k__Bacteria,p__Firmicutes,c__Clostridia,o__Clostridiales,f__Ruminococcaceae,g__Ruminococcus_Ruminococcaceae
Ruminococcus_sp__SR1_5,k__Bacteria,p__Firmicutes,c__Clostridia,o__Clostridiales,f__Ruminococcaceae,g__Ruminococcus_Ruminococcaceae
Salmonella_bongori,k__Bacteria,p__Proteobacteria,c__Gammaproteobacteria,o__Enterobacterales,f__Enterobacteriaceae,g__Salmonella
Salmonella_enterica,k__Bacteria,p__Proteobacteria,c__Gammaproteobacteria,o__Enterobacterales,f__Enterobacteriaceae,g__Salmonella
Scardovia_inopinata,k__Bacteria,p__Actinobacteria,c__Actinobacteria,o__Bifidobacteriales,f__Bifidobacteriaceae,g__Scardovia
Selenomonas_artemidis,k__Bacteria,p__Firmicutes,c__Negativicutes,o__Selenomonadales,f__Selenomonadaceae,g__Selenomonas
Selenomonas_noxia,k__Bacteria,p__Firmicutes,c__Negativicutes,o__Selenomonadales,f__Selenomonadaceae,g__Selenomonas
Selenomonas_sputigena,k__Bacteria,p__Firmicutes,c__Negativicutes,o__Selenomonadales,f__Selenomonadaceae,g__Selenomonas
Serratia_proteamaculans,k__Bacteria,p__Proteobacteria,c__Gammaproteobacteria,o__Enterobacterales,f__Yersiniaceae,g__Serratia
Shuttleworthia_satelles,k__Bacteria,p__Firmicutes,c__Clostridia,o__Clostridiales,f__Lachnospiraceae,g__Shuttleworthia
Slackia_exigua,k__Bacteria,p__Actinobacteria,c__Coriobacteriia,o__Eggerthellales,f__Eggerthellaceae,g__Slackia
Solobacterium_moorei,k__Bacteria,p__Firmicutes,c__Erysipelotrichia,o__Erysipelotrichales,f__Erysipelotrichaceae,g__Solobacterium
Staphylococcus_aureus,k__Bacteria,p__Firmicutes,c__Bacilli,o__Bacillales,f__Staphylococcaceae,g__Staphylococcus
Staphylococcus_carnosus,k__Bacteria,p__Firmicutes,c__Bacilli,o__Bacillales,f__Staphylococcaceae,g__Staphylococcus
Staphylococcus_saprophyticus,k__Bacteria,p__Firmicutes,c__Bacilli,o__Bacillales,f__Staphylococcaceae,g__Staphylococcus
Staphylococcus_warneri,k__Bacteria,p__Firmicutes,c__Bacilli,o__Bacillales,f__Staphylococcaceae,g__Staphylococcus
Streptococcus_agalactiae,k__Bacteria,p__Firmicutes,c__Bacilli,o__Lactobacillales,f__Streptococcaceae,g__Streptococcus
Streptococcus_anginosus,k__Bacteria,p__Firmicutes,c__Bacilli,o__Lactobacillales,f__Streptococcaceae,g__Streptococcus
Streptococcus_australis,k__Bacteria,p__Firmicutes,c__Bacilli,o__Lactobacillales,f__Streptococcaceae,g__Streptococcus
Streptococcus_constellatus,k__Bacteria,p__Firmicutes,c__Bacilli,o__Lactobacillales,f__Streptococcaceae,g__Streptococcus
Streptococcus_cristatus,k__Bacteria,p__Firmicutes,c__Bacilli,o__Lactobacillales,f__Streptococcaceae,g__Streptococcus
Streptococcus_downei,k__Bacteria,p__Firmicutes,c__Bacilli,o__Lactobacillales,f__Streptococcaceae,g__Streptococcus
Streptococcus_dysgalactiae,k__Bacteria,p__Firmicutes,c__Bacilli,o__Lactobacillales,f__Streptococcaceae,g__Streptococcus
Streptococcus_equinus,k__Bacteria,p__Firmicutes,c__Bacilli,o__Lactobacillales,f__Streptococcaceae,g__Streptococcus
Streptococcus_gallolyticus,k__Bacteria,p__Firmicutes,c__Bacilli,o__Lactobacillales,f__Streptococcaceae,g__Streptococcus
Streptococcus_gordonii,k__Bacteria,p__Firmicutes,c__Bacilli,o__Lactobacillales,f__Streptococcaceae,g__Streptococcus
Streptococcus_infantarius,k__Bacteria,p__Firmicutes,c__Bacilli,o__Lactobacillales,f__Streptococcaceae,g__Streptococcus
Streptococcus_infantis,k__Bacteria,p__Firmicutes,c__Bacilli,o__Lactobacillales,f__Streptococcaceae,g__Streptococcus
Streptococcus_mitis,k__Bacteria,p__Firmicutes,c__Bacilli,o__Lactobacillales,f__Streptococcaceae,g__Streptococcus
Streptococcus_mutans,k__Bacteria,p__Firmicutes,c__Bacilli,o__Lactobacillales,f__Streptococcaceae,g__Streptococcus
Streptococcus_oralis,k__Bacteria,p__Firmicutes,c__Bacilli,o__Lactobacillales,f__Streptococcaceae,g__Streptococcus
Streptococcus_parasanguinis,k__Bacteria,p__Firmicutes,c__Bacilli,o__Lactobacillales,f__Streptococcaceae,g__Streptococcus
Streptococcus_parauberis,k__Bacteria,p__Firmicutes,c__Bacilli,o__Lactobacillales,f__Streptococcaceae,g__Streptococcus
Streptococcus_peroris,k__Bacteria,p__Firmicutes,c__Bacilli,o__Lactobacillales,f__Streptococcaceae,g__Streptococcus
Streptococcus_pneumoniae,k__Bacteria,p__Firmicutes,c__Bacilli,o__Lactobacillales,f__Streptococcaceae,g__Streptococcus
Streptococcus_pseudopneumoniae,k__Bacteria,p__Firmicutes,c__Bacilli,o__Lactobacillales,f__Streptococcaceae,g__Streptococcus
Streptococcus_pyogenes,k__Bacteria,p__Firmicutes,c__Bacilli,o__Lactobacillales,f__Streptococcaceae,g__Streptococcus
Streptococcus_salivarius,k__Bacteria,p__Firmicutes,c__Bacilli,o__Lactobacillales,f__Streptococcaceae,g__Streptococcus
Streptococcus_sanguinis,k__Bacteria,p__Firmicutes,c__Bacilli,o__Lactobacillales,f__Streptococcaceae,g__Streptococcus
Streptococcus_sp__C150,k__Bacteria,p__Firmicutes,c__Bacilli,o__Lactobacillales,f__Streptococcaceae,g__Streptococcus
Streptococcus_sp__M143,k__Bacteria,p__Firmicutes,c__Bacilli,o__Lactobacillales,f__Streptococcaceae,g__Streptococcus
Streptococcus_sp__M334,k__Bacteria,p__Firmicutes,c__Bacilli,o__Lactobacillales,f__Streptococcaceae,g__Streptococcus
Streptococcus_sp__oral_taxon_056,k__Bacteria,p__Firmicutes,c__Bacilli,o__Lactobacillales,f__Streptococcaceae,g__Streptococcus
Streptococcus_sp__oral_taxon_071,k__Bacteria,p__Firmicutes,c__Bacilli,o__Lactobacillales,f__Streptococcaceae,g__Streptococcus
Streptococcus_thermophilus,k__Bacteria,p__Firmicutes,c__Bacilli,o__Lactobacillales,f__Streptococcaceae,g__Streptococcus
Streptococcus_vestibularis,k__Bacteria,p__Firmicutes,c__Bacilli,o__Lactobacillales,f__Streptococcaceae,g__Streptococcus
Subdoligranulum_variabile,k__Bacteria,p__Firmicutes,c__Clostridia,o__Clostridiales,f__Ruminococcaceae,g__Subdoligranulum
Succinatimonas_hippei,k__Bacteria,p__Proteobacteria,c__Gammaproteobacteria,o__Aeromonadales,f__Succinivibrionaceae,g__Succinatimonas
Sutterella_wadsworthensis,k__Bacteria,p__Proteobacteria,c__Betaproteobacteria,o__Burkholderiales,f__Sutterellaceae,g__Sutterella
Tannerella_forsythia,k__Bacteria,p__Bacteroidetes,c__Bacteroidia,o__Bacteroidales,f__Tannerellaceae,g__Tannerella
Treponema_succinifaciens,k__Bacteria,p__Spirochaetes,c__Spirochaetia,o__Spirochaetales,f__Spirochaetaceae,g__Treponema
Tropheryma_whipplei,k__Bacteria,p__Actinobacteria,c__Actinobacteria,o__Micrococcales,f__Micrococcales_unclassified,g__Tropheryma
Turicibacter_sanguinis,k__Bacteria,p__Firmicutes,c__Erysipelotrichia,o__Erysipelotrichales,f__Erysipelotrichaceae,g__Turicibacter
Veillonella_atypica,k__Bacteria,p__Firmicutes,c__Negativicutes,o__Veillonellales,f__Veillonellaceae,g__Veillonella
Veillonella_dispar,k__Bacteria,p__Firmicutes,c__Negativicutes,o__Veillonellales,f__Veillonellaceae,g__Veillonella
Veillonella_parvula,k__Bacteria,p__Firmicutes,c__Negativicutes,o__Veillonellales,f__Veillonellaceae,g__Veillonella
Veillonella_sp__oral_taxon_158,k__Bacteria,p__Firmicutes,c__Negativicutes,o__Veillonellales,f__Veillonellaceae,g__Veillonella
Veillonella_sp__oral_taxon_780,k__Bacteria,p__Firmicutes,c__Negativicutes,o__Veillonellales,f__Veillonellaceae,g__Veillonella
Verminephrobacter_eiseniae,k__Bacteria,p__Proteobacteria,c__Betaproteobacteria,o__Burkholderiales,f__Comamonadaceae,g__Verminephrobacter
Vibrio_harveyi,k__Bacteria,p__Proteobacteria,c__Gammaproteobacteria,o__Vibrionales,f__Vibrionaceae,g__Vibrio
Victivallis_vadensis,k__Bacteria,p__Lentisphaerae,c__Lentisphaeria,o__Victivallales,f__Victivallaceae,g__Victivallis
Weissella_cibaria,k__Bacteria,p__Firmicutes,c__Bacilli,o__Lactobacillales,f__Leuconostocaceae,g__Weissella
Weissella_paramesenteroides,k__Bacteria,p__Firmicutes,c__Bacilli,o__Lactobacillales,f__Leuconostocaceae,g__Weissella
Xanthomonas_campestris,k__Bacteria,p__Proteobacteria,c__Gammaproteobacteria,o__Xanthomonadales,f__Xanthomonadaceae,g__Xanthomonas
_Bacteroides__pectinophilus,k__Bacteria,p__Bacteroidota,c__Bacteroidia,o__Bacteroidales,f__Bacteroidaceae,g__Bacteroides
_Clostridium__bartlettii,k__Bacteria,p__Bacillota,c__Clostridia,o__Eubacteriales,f__Clostridiaceae_Eubacteriales,g__Clostridium_Eubacteriales
_Clostridium__hiranonis,k__Bacteria,p__Bacillota,c__Clostridia,o__Eubacteriales,f__Clostridiaceae_Eubacteriales,g__Clostridium_Eubacteriales
_Ruminococcus__gnavus,k__Bacteria,p__Bacillota,c__Clostridia,o__Eubacteriales,f__Lachnospiraceae_Eubacteriales,g__Ruminococcus_Lachnospiraceae
_Ruminococcus__obeum,k__Bacteria,p__Bacillota,c__Clostridia,o__Eubacteriales,f__Lachnospiraceae_Eubacteriales,g__Ruminococcus_Lachnospiraceae
_Ruminococcus__torques,k__Bacteria,p__Bacillota,c__Clostridia,o__Eubacteriales,f__Lachnospiraceae_Eubacteriales,g__Ruminococcus_Lachnospiraceae
butyrate_producing_bacterium,k__Bacteria,p__Bacillota,c__Clostridia,o__Eubacteriales,f__Lachnospiraceae_Eubacteriales,g__Unclassified__Lachnospiraceae
butyrate_producing_bacterium_SS3_4,k__Bacteria,p__Bacillota,c__Clostridia,o__Eubacteriales,f__Lachnospiraceae_Eubacteriales,g__Unclassified__Lachnospiraceae
unclassified_Fusobacterium,k__Bacteria,p__Fusobacteriota,c__Fusobacteriia,o__Fusobacteriales,f__Fusobacteriaceae,g__Fusobacterium
unclassified_Lachnospiraceae,k__Bacteria,p__Bacillota,c__Clostridia,o__Eubacteriales,f__Lachnospiraceae_Eubacteriales,g__Unclassified_Lachnospiraceae
